TestID,A,B,OP,Expected,Actual,Result,testcase_id,module_name,coverage,runtime_seconds,pass_fail,pass_rate,final_score,priority_rank,action
5,3,0,8,8,PASS,7.03,8bit_alu_test_333,8bit_alu,50.0,10.0,96.09,0.0,0.375,P2,run_normal
10,2,1,8,8,PASS,13.28,8bit_alu_test_346,8bit_alu,50.0,10.0,96.09,0.0,0.375,P2,run_normal
7,4,10,4,4,PASS,20.31,8bit_alu_test_345,8bit_alu,50.0,10.0,96.09,0.0,0.375,P2,run_normal
7,4,11,7,7,PASS,24.22,8bit_alu_test_344,8bit_alu,50.0,10.0,96.09,0.0,0.375,P2,run_normal
7,4,100,3,3,PASS,28.12,8bit_alu_test_343,8bit_alu,50.0,10.0,96.09,0.0,0.375,P2,run_normal
4,0,101,8,8,PASS,34.38,8bit_alu_test_342,8bit_alu,50.0,10.0,96.09,0.0,0.375,P2,run_normal
8,0,110,4,4,PASS,39.06,8bit_alu_test_341,8bit_alu,50.0,10.0,96.09,0.0,0.375,P2,run_normal
3,0,1,3,3,PASS,40.62,8bit_alu_test_340,8bit_alu,50.0,10.0,96.09,0.0,0.375,P2,run_normal
2,7,101,4,4,PASS,43.75,8bit_alu_test_339,8bit_alu,50.0,10.0,96.09,0.0,0.375,P2,run_normal
5,12,0,17,17,PASS,46.09,8bit_alu_test_338,8bit_alu,50.0,10.0,96.09,0.0,0.375,P2,run_normal
12,12,10,12,12,PASS,48.44,8bit_alu_test_337,8bit_alu,50.0,10.0,96.09,0.0,0.375,P2,run_normal
11,5,101,22,22,PASS,52.34,8bit_alu_test_336,8bit_alu,50.0,10.0,96.09,0.0,0.375,P2,run_normal
12,7,110,6,6,PASS,53.12,8bit_alu_test_335,8bit_alu,50.0,10.0,96.09,0.0,0.375,P2,run_normal
10,6,11,14,14,PASS,55.47,8bit_alu_test_334,8bit_alu,50.0,10.0,96.09,0.0,0.375,P2,run_normal
13,12,110,6,6,PASS,57.03,8bit_alu_test_332,8bit_alu,50.0,10.0,96.09,0.0,0.375,P2,run_normal
11,11,101,22,22,PASS,58.59,8bit_alu_test_348,8bit_alu,50.0,10.0,96.09,0.0,0.375,P2,run_normal
13,12,0,25,25,PASS,59.38,8bit_alu_test_331,8bit_alu,50.0,10.0,96.09,0.0,0.375,P2,run_normal
9,9,11,9,9,PASS,63.28,8bit_alu_test_330,8bit_alu,50.0,10.0,96.09,0.0,0.375,P2,run_normal
14,8,101,28,28,PASS,67.19,8bit_alu_test_329,8bit_alu,50.0,10.0,96.09,0.0,0.375,P2,run_normal
6,6,10,6,6,PASS,68.75,8bit_alu_test_328,8bit_alu,50.0,10.0,96.09,0.0,0.375,P2,run_normal
11,2,110,5,5,PASS,69.53,8bit_alu_test_327,8bit_alu,50.0,10.0,96.09,0.0,0.375,P2,run_normal
1,8,110,0,0,PASS,71.88,8bit_alu_test_326,8bit_alu,50.0,10.0,96.09,0.0,0.375,P2,run_normal
13,2,11,15,15,PASS,72.66,8bit_alu_test_325,8bit_alu,50.0,10.0,96.09,0.0,0.375,P2,run_normal
12,14,100,2,2,PASS,75.0,8bit_alu_test_324,8bit_alu,50.0,10.0,96.09,0.0,0.375,P2,run_normal
13,3,100,14,14,PASS,75.0,8bit_alu_test_323,8bit_alu,50.0,10.0,96.09,0.0,0.375,P2,run_normal
10,3,101,20,20,PASS,75.78,8bit_alu_test_322,8bit_alu,50.0,10.0,96.09,0.0,0.375,P2,run_normal
12,10,0,22,22,PASS,77.34,8bit_alu_test_321,8bit_alu,50.0,10.0,96.09,0.0,0.375,P2,run_normal
7,7,10,7,7,PASS,77.34,8bit_alu_test_320,8bit_alu,50.0,10.0,96.09,0.0,0.375,P2,run_normal
3,0,0,3,3,PASS,77.34,8bit_alu_test_319,8bit_alu,50.0,10.0,96.09,0.0,0.375,P2,run_normal
15,1,110,7,7,PASS,80.47,8bit_alu_test_347,8bit_alu,50.0,10.0,96.09,0.0,0.375,P2,run_normal
12,6,11,14,14,PASS,80.47,8bit_alu_test_349,8bit_alu,50.0,10.0,96.09,0.0,0.375,P2,run_normal
12,12,1,0,0,PASS,80.47,8bit_alu_test_380,8bit_alu,50.0,10.0,96.09,0.0,0.375,P2,run_normal
8,15,110,4,4,PASS,82.03,8bit_alu_test_365,8bit_alu,50.0,10.0,96.09,0.0,0.375,P2,run_normal
3,9,100,10,10,PASS,82.81,8bit_alu_test_378,8bit_alu,50.0,10.0,96.09,0.0,0.375,P2,run_normal
15,6,10,6,6,PASS,82.81,8bit_alu_test_377,8bit_alu,50.0,10.0,96.09,0.0,0.375,P2,run_normal
7,14,0,21,21,PASS,83.59,8bit_alu_test_376,8bit_alu,50.0,10.0,96.09,0.0,0.375,P2,run_normal
13,6,11,15,15,PASS,83.59,8bit_alu_test_375,8bit_alu,50.0,10.0,96.09,0.0,0.375,P2,run_normal
10,15,110,5,5,PASS,83.59,8bit_alu_test_374,8bit_alu,50.0,10.0,96.09,0.0,0.375,P2,run_normal
15,1,101,30,30,PASS,84.38,8bit_alu_test_373,8bit_alu,50.0,10.0,96.09,0.0,0.375,P2,run_normal
15,4,1,11,11,PASS,85.16,8bit_alu_test_372,8bit_alu,50.0,10.0,96.09,0.0,0.375,P2,run_normal
7,13,101,14,14,PASS,86.72,8bit_alu_test_371,8bit_alu,50.0,10.0,96.09,0.0,0.375,P2,run_normal
12,14,11,14,14,PASS,86.72,8bit_alu_test_370,8bit_alu,50.0,10.0,96.09,0.0,0.375,P2,run_normal
4,5,101,8,8,PASS,86.72,8bit_alu_test_369,8bit_alu,50.0,10.0,96.09,0.0,0.375,P2,run_normal
2,1,11,3,3,PASS,86.72,8bit_alu_test_368,8bit_alu,50.0,10.0,96.09,0.0,0.375,P2,run_normal
5,13,110,2,2,PASS,86.72,8bit_alu_test_367,8bit_alu,50.0,10.0,96.09,0.0,0.375,P2,run_normal
3,13,1,-10,22,FAIL,86.72,8bit_alu_test_366,8bit_alu,50.0,10.0,96.09,0.0,0.375,P2,run_normal
14,12,101,28,28,PASS,86.72,8bit_alu_test_364,8bit_alu,50.0,10.0,96.09,0.0,0.375,P2,run_normal
8,14,101,16,16,PASS,87.5,8bit_alu_test_350,8bit_alu,50.0,10.0,96.09,0.0,0.375,P2,run_normal
5,12,0,17,17,PASS,87.5,8bit_alu_test_363,8bit_alu,50.0,10.0,96.09,0.0,0.375,P2,run_normal
2,0,0,2,2,PASS,87.5,8bit_alu_test_362,8bit_alu,50.0,10.0,96.09,0.0,0.375,P2,run_normal
0,6,110,0,0,PASS,89.06,8bit_alu_test_361,8bit_alu,50.0,10.0,96.09,0.0,0.375,P2,run_normal
6,3,10,2,2,PASS,89.06,8bit_alu_test_360,8bit_alu,50.0,10.0,96.09,0.0,0.375,P2,run_normal
6,4,110,3,3,PASS,89.06,8bit_alu_test_359,8bit_alu,50.0,10.0,96.09,0.0,0.375,P2,run_normal
4,15,10,4,4,PASS,89.06,8bit_alu_test_358,8bit_alu,50.0,10.0,96.09,0.0,0.375,P2,run_normal
7,15,0,22,22,PASS,89.06,8bit_alu_test_357,8bit_alu,50.0,10.0,96.09,0.0,0.375,P2,run_normal
2,10,101,4,4,PASS,89.06,8bit_alu_test_356,8bit_alu,50.0,10.0,96.09,0.0,0.375,P2,run_normal
13,14,110,6,6,PASS,89.06,8bit_alu_test_355,8bit_alu,50.0,10.0,96.09,0.0,0.375,P2,run_normal
1,0,10,0,0,PASS,89.06,8bit_alu_test_354,8bit_alu,50.0,10.0,96.09,0.0,0.375,P2,run_normal
4,5,10,4,4,PASS,89.06,8bit_alu_test_353,8bit_alu,50.0,10.0,96.09,0.0,0.375,P2,run_normal
10,8,10,8,8,PASS,89.06,8bit_alu_test_352,8bit_alu,50.0,10.0,96.09,0.0,0.375,P2,run_normal
13,10,10,8,8,PASS,89.06,8bit_alu_test_351,8bit_alu,50.0,10.0,96.09,0.0,0.375,P2,run_normal
12,3,101,24,24,PASS,89.84,8bit_alu_test_318,8bit_alu,50.0,10.0,96.09,0.0,0.375,P2,run_normal
1,10,0,11,11,PASS,89.84,8bit_alu_test_317,8bit_alu,50.0,10.0,96.09,0.0,0.375,P2,run_normal
4,0,11,4,4,PASS,89.84,8bit_alu_test_316,8bit_alu,50.0,10.0,96.09,0.0,0.375,P2,run_normal
3,13,100,14,14,PASS,89.84,8bit_alu_test_270,8bit_alu,50.0,10.0,96.09,0.0,0.375,P2,run_normal
11,2,100,9,9,PASS,89.84,8bit_alu_test_283,8bit_alu,50.0,10.0,96.09,0.0,0.375,P2,run_normal
8,9,10,8,8,PASS,89.84,8bit_alu_test_282,8bit_alu,50.0,10.0,96.09,0.0,0.375,P2,run_normal
13,11,11,15,15,PASS,89.84,8bit_alu_test_281,8bit_alu,50.0,10.0,96.09,0.0,0.375,P2,run_normal
12,11,1,1,1,PASS,90.62,8bit_alu_test_280,8bit_alu,50.0,10.0,96.09,0.0,0.375,P2,run_normal
10,9,1,1,1,PASS,90.62,8bit_alu_test_279,8bit_alu,50.0,10.0,96.09,0.0,0.375,P2,run_normal
12,13,101,24,24,PASS,90.62,8bit_alu_test_278,8bit_alu,50.0,10.0,96.09,0.0,0.375,P2,run_normal
7,3,0,10,10,PASS,90.62,8bit_alu_test_277,8bit_alu,50.0,10.0,96.09,0.0,0.375,P2,run_normal
8,9,1,-1,31,FAIL,91.41,8bit_alu_test_276,8bit_alu,50.0,10.0,96.09,0.0,0.375,P2,run_normal
10,12,101,20,20,PASS,91.41,8bit_alu_test_275,8bit_alu,50.0,10.0,96.09,0.0,0.375,P2,run_normal
15,3,110,7,7,PASS,91.41,8bit_alu_test_274,8bit_alu,50.0,10.0,96.09,0.0,0.375,P2,run_normal
12,2,100,14,14,PASS,91.41,8bit_alu_test_273,8bit_alu,50.0,10.0,96.09,0.0,0.375,P2,run_normal
13,8,10,8,8,PASS,91.41,8bit_alu_test_272,8bit_alu,50.0,10.0,96.09,0.0,0.375,P2,run_normal
0,6,100,6,6,PASS,91.41,8bit_alu_test_271,8bit_alu,50.0,10.0,96.09,0.0,0.375,P2,run_normal
14,8,110,7,7,PASS,91.41,8bit_alu_test_269,8bit_alu,50.0,10.0,96.09,0.0,0.375,P2,run_normal
12,6,0,18,18,PASS,92.19,8bit_alu_test_315,8bit_alu,50.0,10.0,96.09,0.0,0.375,P2,run_normal
1,7,101,2,2,PASS,92.19,8bit_alu_test_268,8bit_alu,50.0,10.0,96.09,0.0,0.375,P2,run_normal
12,15,101,24,24,PASS,92.19,8bit_alu_test_267,8bit_alu,50.0,10.0,96.09,0.0,0.375,P2,run_normal
12,4,100,8,8,PASS,92.19,8bit_alu_test_266,8bit_alu,50.0,10.0,96.09,0.0,0.375,P2,run_normal
3,2,1,1,1,PASS,92.19,8bit_alu_test_265,8bit_alu,50.0,10.0,96.09,0.0,0.375,P2,run_normal
10,0,110,5,5,PASS,92.19,8bit_alu_test_264,8bit_alu,50.0,10.0,96.09,0.0,0.375,P2,run_normal
1,7,1,-6,26,FAIL,92.97,8bit_alu_test_263,8bit_alu,50.0,10.0,96.09,0.0,0.375,P2,run_normal
11,13,101,22,22,PASS,92.97,8bit_alu_test_262,8bit_alu,50.0,10.0,96.09,0.0,0.375,P2,run_normal
5,7,10,5,5,PASS,92.97,8bit_alu_test_261,8bit_alu,50.0,10.0,96.09,0.0,0.375,P2,run_normal
6,15,1,-9,23,FAIL,93.75,8bit_alu_test_260,8bit_alu,50.0,10.0,96.09,0.0,0.375,P2,run_normal
11,15,0,26,26,PASS,93.75,8bit_alu_test_259,8bit_alu,50.0,10.0,96.09,0.0,0.375,P2,run_normal
12,14,101,24,24,PASS,93.75,8bit_alu_test_258,8bit_alu,50.0,10.0,96.09,0.0,0.375,P2,run_normal
13,12,10,12,12,PASS,93.75,8bit_alu_test_257,8bit_alu,50.0,10.0,96.09,0.0,0.375,P2,run_normal
2,5,0,7,7,PASS,93.75,8bit_alu_test_256,8bit_alu,50.0,10.0,96.09,0.0,0.375,P2,run_normal
14,7,0,21,21,PASS,93.75,8bit_alu_test_284,8bit_alu,50.0,10.0,96.09,0.0,0.375,P2,run_normal
15,0,10,0,0,PASS,93.75,8bit_alu_test_285,8bit_alu,50.0,10.0,96.09,0.0,0.375,P2,run_normal
11,8,1,3,3,PASS,93.75,8bit_alu_test_286,8bit_alu,50.0,10.0,96.09,0.0,0.375,P2,run_normal
5,7,100,2,2,PASS,93.75,8bit_alu_test_287,8bit_alu,50.0,10.0,96.09,0.0,0.375,P2,run_normal
1,11,10,1,1,PASS,93.75,8bit_alu_test_314,8bit_alu,50.0,10.0,96.09,0.0,0.375,P2,run_normal
12,5,100,9,9,PASS,93.75,8bit_alu_test_313,8bit_alu,50.0,10.0,96.09,0.0,0.375,P2,run_normal
12,6,100,10,10,PASS,93.75,8bit_alu_test_312,8bit_alu,50.0,10.0,96.09,0.0,0.375,P2,run_normal
3,0,10,0,0,PASS,93.75,8bit_alu_test_311,8bit_alu,50.0,10.0,96.09,0.0,0.375,P2,run_normal
13,13,101,26,26,PASS,93.75,8bit_alu_test_310,8bit_alu,50.0,10.0,96.09,0.0,0.375,P2,run_normal
10,10,0,20,20,PASS,93.75,8bit_alu_test_309,8bit_alu,50.0,10.0,96.09,0.0,0.375,P2,run_normal
0,7,101,0,0,PASS,93.75,8bit_alu_test_308,8bit_alu,50.0,10.0,96.09,0.0,0.375,P2,run_normal
9,14,100,7,7,PASS,93.75,8bit_alu_test_307,8bit_alu,50.0,10.0,96.09,0.0,0.375,P2,run_normal
1,0,100,1,1,PASS,93.75,8bit_alu_test_306,8bit_alu,50.0,10.0,96.09,0.0,0.375,P2,run_normal
10,2,11,10,10,PASS,93.75,8bit_alu_test_305,8bit_alu,50.0,10.0,96.09,0.0,0.375,P2,run_normal
4,0,11,4,4,PASS,93.75,8bit_alu_test_304,8bit_alu,50.0,10.0,96.09,0.0,0.375,P2,run_normal
10,10,11,10,10,PASS,93.75,8bit_alu_test_303,8bit_alu,50.0,10.0,96.09,0.0,0.375,P2,run_normal
11,1,11,11,11,PASS,93.75,8bit_alu_test_302,8bit_alu,50.0,10.0,96.09,0.0,0.375,P2,run_normal
2,7,0,9,9,PASS,93.75,8bit_alu_test_301,8bit_alu,50.0,10.0,96.09,0.0,0.375,P2,run_normal
14,14,11,14,14,PASS,93.75,8bit_alu_test_300,8bit_alu,50.0,10.0,96.09,0.0,0.375,P2,run_normal
0,9,101,0,0,PASS,93.75,8bit_alu_test_299,8bit_alu,50.0,10.0,96.09,0.0,0.375,P2,run_normal
8,1,110,4,4,PASS,93.75,8bit_alu_test_298,8bit_alu,50.0,10.0,96.09,0.0,0.375,P2,run_normal
9,7,0,16,16,PASS,93.75,8bit_alu_test_297,8bit_alu,50.0,10.0,96.09,0.0,0.375,P2,run_normal
1,1,100,0,0,PASS,93.75,8bit_alu_test_296,8bit_alu,50.0,10.0,96.09,0.0,0.375,P2,run_normal
9,0,10,0,0,PASS,93.75,8bit_alu_test_295,8bit_alu,50.0,10.0,96.09,0.0,0.375,P2,run_normal
8,12,0,20,20,PASS,93.75,8bit_alu_test_294,8bit_alu,50.0,10.0,96.09,0.0,0.375,P2,run_normal
11,0,101,22,22,PASS,93.75,8bit_alu_test_293,8bit_alu,50.0,10.0,96.09,0.0,0.375,P2,run_normal
0,13,110,0,0,PASS,93.75,8bit_alu_test_292,8bit_alu,50.0,10.0,96.09,0.0,0.375,P2,run_normal
7,7,110,3,3,PASS,93.75,8bit_alu_test_291,8bit_alu,50.0,10.0,96.09,0.0,0.375,P2,run_normal
8,8,10,8,8,PASS,93.75,8bit_alu_test_290,8bit_alu,50.0,10.0,96.09,0.0,0.375,P2,run_normal
13,13,0,26,26,PASS,93.75,8bit_alu_test_289,8bit_alu,50.0,10.0,96.09,0.0,0.375,P2,run_normal
12,11,10,8,8,PASS,93.75,8bit_alu_test_288,8bit_alu,50.0,10.0,96.09,0.0,0.375,P2,run_normal
14,10,110,7,7,PASS,93.75,8bit_alu_test_379,8bit_alu,50.0,10.0,96.09,0.0,0.375,P2,run_normal
6,0,101,12,12,PASS,93.75,8bit_alu_test_381,8bit_alu,50.0,10.0,96.09,0.0,0.375,P2,run_normal
10,7,100,13,13,PASS,94.53,8bit_alu_test_254,8bit_alu,50.0,10.0,96.09,0.0,0.375,P2,run_normal
13,14,11,15,15,PASS,94.53,8bit_alu_test_460,8bit_alu,50.0,10.0,96.09,0.0,0.375,P2,run_normal
15,15,110,7,7,PASS,94.53,8bit_alu_test_473,8bit_alu,50.0,10.0,96.88,0.0,0.375,P2,run_normal
3,12,110,1,1,PASS,94.53,8bit_alu_test_472,8bit_alu,50.0,10.0,96.88,0.0,0.375,P2,run_normal
6,0,110,3,3,PASS,94.53,8bit_alu_test_471,8bit_alu,50.0,10.0,96.88,0.0,0.375,P2,run_normal
14,8,101,28,28,PASS,94.53,8bit_alu_test_470,8bit_alu,50.0,10.0,96.88,0.0,0.375,P2,run_normal
12,7,100,11,11,PASS,94.53,8bit_alu_test_469,8bit_alu,50.0,10.0,96.88,0.0,0.375,P2,run_normal
12,9,101,24,24,PASS,94.53,8bit_alu_test_468,8bit_alu,50.0,10.0,96.88,0.0,0.375,P2,run_normal
12,10,100,6,6,PASS,94.53,8bit_alu_test_467,8bit_alu,50.0,10.0,96.88,0.0,0.375,P2,run_normal
15,13,10,13,13,PASS,94.53,8bit_alu_test_466,8bit_alu,50.0,10.0,96.88,0.0,0.375,P2,run_normal
12,15,11,15,15,PASS,94.53,8bit_alu_test_465,8bit_alu,50.0,10.0,96.88,0.0,0.375,P2,run_normal
6,6,101,12,12,PASS,94.53,8bit_alu_test_464,8bit_alu,50.0,10.0,96.88,0.0,0.375,P2,run_normal
3,13,11,15,15,PASS,94.53,8bit_alu_test_463,8bit_alu,50.0,10.0,96.09,0.0,0.375,P2,run_normal
14,7,100,9,9,PASS,94.53,8bit_alu_test_462,8bit_alu,50.0,10.0,96.09,0.0,0.375,P2,run_normal
4,9,101,8,8,PASS,94.53,8bit_alu_test_461,8bit_alu,50.0,10.0,96.09,0.0,0.375,P2,run_normal
0,7,1,-7,25,FAIL,94.53,8bit_alu_test_459,8bit_alu,50.0,10.0,96.09,0.0,0.375,P2,run_normal
14,5,100,11,11,PASS,94.53,8bit_alu_test_475,8bit_alu,50.0,10.0,96.88,0.0,0.375,P2,run_normal
10,4,101,20,20,PASS,94.53,8bit_alu_test_458,8bit_alu,50.0,10.0,96.09,0.0,0.375,P2,run_normal
2,15,1,-13,19,FAIL,95.31,8bit_alu_test_457,8bit_alu,50.0,10.0,96.09,0.0,0.375,P2,run_normal
6,0,1,6,6,PASS,95.31,8bit_alu_test_456,8bit_alu,50.0,10.0,96.09,0.0,0.375,P2,run_normal
15,4,100,11,11,PASS,95.31,8bit_alu_test_455,8bit_alu,50.0,10.0,96.09,0.0,0.375,P2,run_normal
10,5,0,15,15,PASS,95.31,8bit_alu_test_454,8bit_alu,50.0,10.0,96.09,0.0,0.375,P2,run_normal
13,14,100,3,3,PASS,95.31,8bit_alu_test_453,8bit_alu,50.0,10.0,96.09,0.0,0.375,P2,run_normal
14,2,0,16,16,PASS,95.31,8bit_alu_test_452,8bit_alu,50.0,10.0,96.09,0.0,0.375,P2,run_normal
14,10,1,4,4,PASS,95.31,8bit_alu_test_451,8bit_alu,50.0,10.0,96.09,0.0,0.375,P2,run_normal
10,13,11,15,15,PASS,95.31,8bit_alu_test_450,8bit_alu,50.0,10.0,96.09,0.0,0.375,P2,run_normal
1,7,11,7,7,PASS,95.31,8bit_alu_test_449,8bit_alu,50.0,10.0,96.09,0.0,0.375,P2,run_normal
0,1,101,0,0,PASS,95.31,8bit_alu_test_448,8bit_alu,50.0,10.0,96.09,0.0,0.375,P2,run_normal
11,7,0,18,18,PASS,95.31,8bit_alu_test_447,8bit_alu,50.0,10.0,96.09,0.0,0.375,P2,run_normal
1,4,110,0,0,PASS,95.31,8bit_alu_test_446,8bit_alu,50.0,10.0,96.09,0.0,0.375,P2,run_normal
8,7,0,15,15,PASS,95.31,8bit_alu_test_474,8bit_alu,50.0,10.0,96.88,0.0,0.375,P2,run_normal
12,0,1,12,12,PASS,95.31,8bit_alu_test_476,8bit_alu,50.0,10.0,96.88,0.0,0.375,P2,run_normal
2,5,0,7,7,PASS,95.31,8bit_alu_test_382,8bit_alu,50.0,10.0,96.09,0.0,0.375,P2,run_normal
6,5,110,3,3,PASS,95.31,8bit_alu_test_492,8bit_alu,50.0,10.0,96.88,0.0,0.375,P2,run_normal
10,4,1,6,6,PASS,95.31,8bit_alu_test_505,8bit_alu,50.0,10.0,96.88,0.0,0.375,P2,run_normal
1,3,1,-2,30,FAIL,95.31,8bit_alu_test_504,8bit_alu,50.0,10.0,96.88,0.0,0.375,P2,run_normal
14,3,1,11,11,PASS,95.31,8bit_alu_test_503,8bit_alu,50.0,10.0,96.88,0.0,0.375,P2,run_normal
14,4,110,7,7,PASS,95.31,8bit_alu_test_502,8bit_alu,50.0,10.0,96.88,0.0,0.375,P2,run_normal
8,4,100,12,12,PASS,95.31,8bit_alu_test_501,8bit_alu,50.0,10.0,96.88,0.0,0.375,P2,run_normal
0,12,101,0,0,PASS,95.31,8bit_alu_test_500,8bit_alu,50.0,10.0,96.88,0.0,0.375,P2,run_normal
0,10,10,0,0,PASS,95.31,8bit_alu_test_499,8bit_alu,50.0,10.0,96.88,0.0,0.375,P2,run_normal
12,5,110,6,6,PASS,95.31,8bit_alu_test_498,8bit_alu,50.0,10.0,96.88,0.0,0.375,P2,run_normal
8,1,101,16,16,PASS,95.31,8bit_alu_test_497,8bit_alu,50.0,10.0,96.88,0.0,0.375,P2,run_normal
3,11,100,8,8,PASS,95.31,8bit_alu_test_496,8bit_alu,50.0,10.0,96.88,0.0,0.375,P2,run_normal
3,13,100,14,14,PASS,95.31,8bit_alu_test_495,8bit_alu,50.0,10.0,96.88,0.0,0.375,P2,run_normal
15,9,100,6,6,PASS,95.31,8bit_alu_test_494,8bit_alu,50.0,10.0,96.88,0.0,0.375,P2,run_normal
6,15,11,15,15,PASS,95.31,8bit_alu_test_493,8bit_alu,50.0,10.0,96.88,0.0,0.375,P2,run_normal
6,10,110,3,3,PASS,95.31,8bit_alu_test_491,8bit_alu,50.0,10.0,96.88,0.0,0.375,P2,run_normal
13,4,110,6,6,PASS,95.31,8bit_alu_test_477,8bit_alu,50.0,10.0,96.88,0.0,0.375,P2,run_normal
8,8,0,16,16,PASS,95.31,8bit_alu_test_490,8bit_alu,50.0,10.0,96.88,0.0,0.375,P2,run_normal
11,10,11,11,11,PASS,95.31,8bit_alu_test_489,8bit_alu,50.0,10.0,96.88,0.0,0.375,P2,run_normal
2,5,10,0,0,PASS,95.31,8bit_alu_test_488,8bit_alu,50.0,10.0,96.88,0.0,0.375,P2,run_normal
13,1,110,6,6,PASS,95.31,8bit_alu_test_487,8bit_alu,50.0,10.0,96.88,0.0,0.375,P2,run_normal
2,6,100,4,4,PASS,95.31,8bit_alu_test_486,8bit_alu,50.0,10.0,96.88,0.0,0.375,P2,run_normal
4,9,10,0,0,PASS,95.31,8bit_alu_test_485,8bit_alu,50.0,10.0,96.88,0.0,0.375,P2,run_normal
11,13,0,24,24,PASS,95.31,8bit_alu_test_484,8bit_alu,50.0,10.0,96.88,0.0,0.375,P2,run_normal
6,7,0,13,13,PASS,95.31,8bit_alu_test_483,8bit_alu,50.0,10.0,96.88,0.0,0.375,P2,run_normal
12,7,0,19,19,PASS,95.31,8bit_alu_test_482,8bit_alu,50.0,10.0,96.88,0.0,0.375,P2,run_normal
9,14,110,4,4,PASS,95.31,8bit_alu_test_481,8bit_alu,50.0,10.0,96.88,0.0,0.375,P2,run_normal
0,9,110,0,0,PASS,95.31,8bit_alu_test_480,8bit_alu,50.0,10.0,96.88,0.0,0.375,P2,run_normal
5,2,101,10,10,PASS,95.31,8bit_alu_test_479,8bit_alu,50.0,10.0,96.88,0.0,0.375,P2,run_normal
0,13,101,0,0,PASS,95.31,8bit_alu_test_478,8bit_alu,50.0,10.0,96.88,0.0,0.375,P2,run_normal
1,15,11,15,15,PASS,95.31,8bit_alu_test_445,8bit_alu,50.0,10.0,96.09,0.0,0.375,P2,run_normal
12,7,1,5,5,PASS,95.31,8bit_alu_test_444,8bit_alu,50.0,10.0,96.09,0.0,0.375,P2,run_normal
10,3,10,2,2,PASS,95.31,8bit_alu_test_443,8bit_alu,50.0,10.0,96.09,0.0,0.375,P2,run_normal
14,11,10,10,10,PASS,95.31,8bit_alu_test_397,8bit_alu,50.0,10.0,96.09,0.0,0.375,P2,run_normal
13,2,1,11,11,PASS,95.31,8bit_alu_test_410,8bit_alu,50.0,10.0,96.09,0.0,0.375,P2,run_normal
3,1,10,1,1,PASS,95.31,8bit_alu_test_409,8bit_alu,50.0,10.0,96.09,0.0,0.375,P2,run_normal
9,5,1,4,4,PASS,95.31,8bit_alu_test_408,8bit_alu,50.0,10.0,96.09,0.0,0.375,P2,run_normal
15,13,0,28,28,PASS,95.31,8bit_alu_test_407,8bit_alu,50.0,10.0,96.09,0.0,0.375,P2,run_normal
0,3,100,3,3,PASS,95.31,8bit_alu_test_406,8bit_alu,50.0,10.0,96.09,0.0,0.375,P2,run_normal
9,11,110,4,4,PASS,95.31,8bit_alu_test_405,8bit_alu,50.0,10.0,96.09,0.0,0.375,P2,run_normal
10,2,101,20,20,PASS,95.31,8bit_alu_test_404,8bit_alu,50.0,10.0,96.09,0.0,0.375,P2,run_normal
12,8,110,6,6,PASS,95.31,8bit_alu_test_403,8bit_alu,50.0,10.0,96.09,0.0,0.375,P2,run_normal
11,9,10,9,9,PASS,95.31,8bit_alu_test_402,8bit_alu,50.0,10.0,96.09,0.0,0.375,P2,run_normal
0,14,1,-14,18,FAIL,95.31,8bit_alu_test_401,8bit_alu,50.0,10.0,96.09,0.0,0.375,P2,run_normal
15,13,11,15,15,PASS,95.31,8bit_alu_test_400,8bit_alu,50.0,10.0,96.09,0.0,0.375,P2,run_normal
2,0,11,2,2,PASS,95.31,8bit_alu_test_399,8bit_alu,50.0,10.0,96.09,0.0,0.375,P2,run_normal
10,10,1,0,0,PASS,95.31,8bit_alu_test_398,8bit_alu,50.0,10.0,96.09,0.0,0.375,P2,run_normal
6,11,100,13,13,PASS,95.31,8bit_alu_test_396,8bit_alu,50.0,10.0,96.09,0.0,0.375,P2,run_normal
0,13,110,0,0,PASS,95.31,8bit_alu_test_442,8bit_alu,50.0,10.0,96.09,0.0,0.375,P2,run_normal
12,3,10,0,0,PASS,95.31,8bit_alu_test_395,8bit_alu,50.0,10.0,96.09,0.0,0.375,P2,run_normal
3,3,10,3,3,PASS,95.31,8bit_alu_test_394,8bit_alu,50.0,10.0,96.09,0.0,0.375,P2,run_normal
7,6,101,14,14,PASS,95.31,8bit_alu_test_393,8bit_alu,50.0,10.0,96.09,0.0,0.375,P2,run_normal
8,3,0,11,11,PASS,95.31,8bit_alu_test_392,8bit_alu,50.0,10.0,96.09,0.0,0.375,P2,run_normal
6,12,100,10,10,PASS,95.31,8bit_alu_test_391,8bit_alu,50.0,10.0,96.09,0.0,0.375,P2,run_normal
13,6,10,4,4,PASS,95.31,8bit_alu_test_390,8bit_alu,50.0,10.0,96.09,0.0,0.375,P2,run_normal
2,15,110,1,1,PASS,95.31,8bit_alu_test_389,8bit_alu,50.0,10.0,96.09,0.0,0.375,P2,run_normal
5,13,11,13,13,PASS,95.31,8bit_alu_test_388,8bit_alu,50.0,10.0,96.09,0.0,0.375,P2,run_normal
12,15,10,12,12,PASS,95.31,8bit_alu_test_387,8bit_alu,50.0,10.0,96.09,0.0,0.375,P2,run_normal
11,15,101,22,22,PASS,95.31,8bit_alu_test_386,8bit_alu,50.0,10.0,96.09,0.0,0.375,P2,run_normal
7,7,100,0,0,PASS,95.31,8bit_alu_test_385,8bit_alu,50.0,10.0,96.09,0.0,0.375,P2,run_normal
5,11,1,-6,26,FAIL,95.31,8bit_alu_test_384,8bit_alu,50.0,10.0,96.09,0.0,0.375,P2,run_normal
4,13,10,4,4,PASS,95.31,8bit_alu_test_383,8bit_alu,50.0,10.0,96.09,0.0,0.375,P2,run_normal
13,6,110,6,6,PASS,95.31,8bit_alu_test_411,8bit_alu,50.0,10.0,96.09,0.0,0.375,P2,run_normal
0,4,11,4,4,PASS,95.31,8bit_alu_test_412,8bit_alu,50.0,10.0,96.09,0.0,0.375,P2,run_normal
3,6,101,6,6,PASS,95.31,8bit_alu_test_413,8bit_alu,50.0,10.0,96.09,0.0,0.375,P2,run_normal
0,15,10,0,0,PASS,95.31,8bit_alu_test_414,8bit_alu,50.0,10.0,96.09,0.0,0.375,P2,run_normal
14,14,110,7,7,PASS,95.31,8bit_alu_test_441,8bit_alu,50.0,10.0,96.09,0.0,0.375,P2,run_normal
10,3,11,11,11,PASS,95.31,8bit_alu_test_440,8bit_alu,50.0,10.0,96.09,0.0,0.375,P2,run_normal
0,4,11,4,4,PASS,95.31,8bit_alu_test_439,8bit_alu,50.0,10.0,96.09,0.0,0.375,P2,run_normal
0,0,101,0,0,PASS,95.31,8bit_alu_test_438,8bit_alu,50.0,10.0,96.09,0.0,0.375,P2,run_normal
14,3,0,17,17,PASS,95.31,8bit_alu_test_437,8bit_alu,50.0,10.0,96.09,0.0,0.375,P2,run_normal
3,7,11,7,7,PASS,95.31,8bit_alu_test_436,8bit_alu,50.0,10.0,96.09,0.0,0.375,P2,run_normal
11,0,110,5,5,PASS,95.31,8bit_alu_test_435,8bit_alu,50.0,10.0,96.09,0.0,0.375,P2,run_normal
10,3,10,2,2,PASS,95.31,8bit_alu_test_434,8bit_alu,50.0,10.0,96.09,0.0,0.375,P2,run_normal
9,3,100,10,10,PASS,95.31,8bit_alu_test_433,8bit_alu,50.0,10.0,96.09,0.0,0.375,P2,run_normal
3,0,0,3,3,PASS,95.31,8bit_alu_test_432,8bit_alu,50.0,10.0,96.09,0.0,0.375,P2,run_normal
10,10,101,20,20,PASS,95.31,8bit_alu_test_431,8bit_alu,50.0,10.0,96.09,0.0,0.375,P2,run_normal
12,2,0,14,14,PASS,95.31,8bit_alu_test_430,8bit_alu,50.0,10.0,96.09,0.0,0.375,P2,run_normal
3,10,110,1,1,PASS,95.31,8bit_alu_test_429,8bit_alu,50.0,10.0,96.09,0.0,0.375,P2,run_normal
11,1,101,22,22,PASS,95.31,8bit_alu_test_428,8bit_alu,50.0,10.0,96.09,0.0,0.375,P2,run_normal
5,15,1,-10,22,FAIL,95.31,8bit_alu_test_427,8bit_alu,50.0,10.0,96.09,0.0,0.375,P2,run_normal
9,3,110,4,4,PASS,95.31,8bit_alu_test_426,8bit_alu,50.0,10.0,96.09,0.0,0.375,P2,run_normal
10,10,10,10,10,PASS,95.31,8bit_alu_test_425,8bit_alu,50.0,10.0,96.09,0.0,0.375,P2,run_normal
12,6,10,4,4,PASS,95.31,8bit_alu_test_424,8bit_alu,50.0,10.0,96.09,0.0,0.375,P2,run_normal
9,0,101,18,18,PASS,95.31,8bit_alu_test_423,8bit_alu,50.0,10.0,96.09,0.0,0.375,P2,run_normal
9,2,11,11,11,PASS,95.31,8bit_alu_test_422,8bit_alu,50.0,10.0,96.09,0.0,0.375,P2,run_normal
15,2,11,15,15,PASS,95.31,8bit_alu_test_421,8bit_alu,50.0,10.0,96.09,0.0,0.375,P2,run_normal
12,3,110,6,6,PASS,95.31,8bit_alu_test_420,8bit_alu,50.0,10.0,96.09,0.0,0.375,P2,run_normal
9,6,101,18,18,PASS,95.31,8bit_alu_test_419,8bit_alu,50.0,10.0,96.09,0.0,0.375,P2,run_normal
4,9,110,2,2,PASS,95.31,8bit_alu_test_418,8bit_alu,50.0,10.0,96.09,0.0,0.375,P2,run_normal
8,15,100,7,7,PASS,95.31,8bit_alu_test_417,8bit_alu,50.0,10.0,96.09,0.0,0.375,P2,run_normal
5,7,100,2,2,PASS,95.31,8bit_alu_test_416,8bit_alu,50.0,10.0,96.09,0.0,0.375,P2,run_normal
14,3,1,11,11,PASS,95.31,8bit_alu_test_415,8bit_alu,50.0,10.0,96.09,0.0,0.375,P2,run_normal
0,14,0,14,14,PASS,95.31,8bit_alu_test_255,8bit_alu,50.0,10.0,96.09,0.0,0.375,P2,run_normal
6,9,1,-3,29,FAIL,96.09,8bit_alu_test_253,8bit_alu,50.0,10.0,96.09,0.0,0.375,P2,run_normal
4,8,11,12,12,PASS,96.09,8bit_alu_test_1,8bit_alu,50.0,10.0,7.03,0.0,0.375,P2,run_normal
1,11,10,1,1,PASS,96.09,8bit_alu_test_79,8bit_alu,50.0,10.0,91.41,0.0,0.375,P2,run_normal
6,15,0,21,21,PASS,96.09,8bit_alu_test_92,8bit_alu,50.0,10.0,93.75,0.0,0.375,P2,run_normal
0,9,101,0,0,PASS,96.09,8bit_alu_test_91,8bit_alu,50.0,10.0,93.75,0.0,0.375,P2,run_normal
13,2,11,15,15,PASS,96.09,8bit_alu_test_90,8bit_alu,50.0,10.0,93.75,0.0,0.375,P2,run_normal
0,5,10,0,0,PASS,96.09,8bit_alu_test_89,8bit_alu,50.0,10.0,93.75,0.0,0.375,P2,run_normal
2,9,101,4,4,PASS,96.09,8bit_alu_test_88,8bit_alu,50.0,10.0,92.97,0.0,0.375,P2,run_normal
3,15,100,12,12,PASS,96.09,8bit_alu_test_87,8bit_alu,50.0,10.0,92.97,0.0,0.375,P2,run_normal
2,2,1,0,0,PASS,96.09,8bit_alu_test_86,8bit_alu,50.0,10.0,92.97,0.0,0.375,P2,run_normal
13,15,101,26,26,PASS,96.09,8bit_alu_test_85,8bit_alu,50.0,10.0,92.19,0.0,0.375,P2,run_normal
0,14,0,14,14,PASS,96.09,8bit_alu_test_84,8bit_alu,50.0,10.0,92.19,0.0,0.375,P2,run_normal
12,2,100,14,14,PASS,96.09,8bit_alu_test_83,8bit_alu,50.0,10.0,92.19,0.0,0.375,P2,run_normal
4,3,0,7,7,PASS,96.09,8bit_alu_test_82,8bit_alu,50.0,10.0,92.19,0.0,0.375,P2,run_normal
4,13,1,-9,23,FAIL,96.09,8bit_alu_test_81,8bit_alu,50.0,10.0,92.19,0.0,0.375,P2,run_normal
14,12,110,7,7,PASS,96.09,8bit_alu_test_80,8bit_alu,50.0,10.0,92.19,0.0,0.375,P2,run_normal
1,9,10,1,1,PASS,96.09,8bit_alu_test_78,8bit_alu,50.0,10.0,91.41,0.0,0.375,P2,run_normal
4,7,100,3,3,PASS,96.09,8bit_alu_test_94,8bit_alu,50.0,10.0,93.75,0.0,0.375,P2,run_normal
2,7,101,4,4,PASS,96.09,8bit_alu_test_77,8bit_alu,50.0,10.0,91.41,0.0,0.375,P2,run_normal
1,12,101,2,2,PASS,96.09,8bit_alu_test_76,8bit_alu,50.0,10.0,91.41,0.0,0.375,P2,run_normal
6,1,11,7,7,PASS,96.09,8bit_alu_test_75,8bit_alu,50.0,10.0,91.41,0.0,0.375,P2,run_normal
11,8,11,11,11,PASS,96.09,8bit_alu_test_74,8bit_alu,50.0,10.0,91.41,0.0,0.375,P2,run_normal
4,10,10,0,0,PASS,96.09,8bit_alu_test_73,8bit_alu,50.0,10.0,91.41,0.0,0.375,P2,run_normal
0,14,0,14,14,PASS,96.09,8bit_alu_test_72,8bit_alu,50.0,10.0,90.62,0.0,0.375,P2,run_normal
3,11,11,11,11,PASS,96.09,8bit_alu_test_71,8bit_alu,50.0,10.0,90.62,0.0,0.375,P2,run_normal
8,0,101,16,16,PASS,96.09,8bit_alu_test_70,8bit_alu,50.0,10.0,90.62,0.0,0.375,P2,run_normal
0,7,11,7,7,PASS,96.09,8bit_alu_test_69,8bit_alu,50.0,10.0,90.62,0.0,0.375,P2,run_normal
5,14,100,11,11,PASS,96.09,8bit_alu_test_68,8bit_alu,50.0,10.0,89.84,0.0,0.375,P2,run_normal
6,0,1,6,6,PASS,96.09,8bit_alu_test_67,8bit_alu,50.0,10.0,89.84,0.0,0.375,P2,run_normal
14,12,1,2,2,PASS,96.09,8bit_alu_test_66,8bit_alu,50.0,10.0,89.84,0.0,0.375,P2,run_normal
3,6,0,9,9,PASS,96.09,8bit_alu_test_65,8bit_alu,50.0,10.0,89.84,0.0,0.375,P2,run_normal
12,4,11,12,12,PASS,96.09,8bit_alu_test_93,8bit_alu,50.0,10.0,93.75,0.0,0.375,P2,run_normal
4,2,110,2,2,PASS,96.09,8bit_alu_test_95,8bit_alu,50.0,10.0,93.75,0.0,0.375,P2,run_normal
6,10,101,12,12,PASS,96.09,8bit_alu_test_126,8bit_alu,50.0,10.0,93.75,0.0,0.375,P2,run_normal
15,4,10,4,4,PASS,96.09,8bit_alu_test_111,8bit_alu,50.0,10.0,93.75,0.0,0.375,P2,run_normal
3,4,1,-1,31,FAIL,96.09,8bit_alu_test_124,8bit_alu,50.0,10.0,93.75,0.0,0.375,P2,run_normal
8,7,1,1,1,PASS,96.09,8bit_alu_test_123,8bit_alu,50.0,10.0,93.75,0.0,0.375,P2,run_normal
8,15,11,15,15,PASS,96.09,8bit_alu_test_122,8bit_alu,50.0,10.0,93.75,0.0,0.375,P2,run_normal
9,5,10,1,1,PASS,96.09,8bit_alu_test_121,8bit_alu,50.0,10.0,93.75,0.0,0.375,P2,run_normal
1,14,10,0,0,PASS,96.09,8bit_alu_test_120,8bit_alu,50.0,10.0,93.75,0.0,0.375,P2,run_normal
15,11,110,7,7,PASS,96.09,8bit_alu_test_119,8bit_alu,50.0,10.0,93.75,0.0,0.375,P2,run_normal
9,5,10,1,1,PASS,96.09,8bit_alu_test_118,8bit_alu,50.0,10.0,93.75,0.0,0.375,P2,run_normal
14,9,101,28,28,PASS,96.09,8bit_alu_test_117,8bit_alu,50.0,10.0,93.75,0.0,0.375,P2,run_normal
11,9,1,2,2,PASS,96.09,8bit_alu_test_116,8bit_alu,50.0,10.0,93.75,0.0,0.375,P2,run_normal
8,3,0,11,11,PASS,96.09,8bit_alu_test_115,8bit_alu,50.0,10.0,93.75,0.0,0.375,P2,run_normal
13,8,1,5,5,PASS,96.09,8bit_alu_test_114,8bit_alu,50.0,10.0,93.75,0.0,0.375,P2,run_normal
11,0,110,5,5,PASS,96.09,8bit_alu_test_113,8bit_alu,50.0,10.0,93.75,0.0,0.375,P2,run_normal
7,11,100,12,12,PASS,96.09,8bit_alu_test_112,8bit_alu,50.0,10.0,93.75,0.0,0.375,P2,run_normal
1,7,1,-6,26,FAIL,96.09,8bit_alu_test_110,8bit_alu,50.0,10.0,93.75,0.0,0.375,P2,run_normal
7,1,100,6,6,PASS,96.09,8bit_alu_test_96,8bit_alu,50.0,10.0,93.75,0.0,0.375,P2,run_normal
7,8,100,15,15,PASS,96.09,8bit_alu_test_109,8bit_alu,50.0,10.0,93.75,0.0,0.375,P2,run_normal
6,3,10,2,2,PASS,96.09,8bit_alu_test_108,8bit_alu,50.0,10.0,93.75,0.0,0.375,P2,run_normal
3,7,10,3,3,PASS,96.09,8bit_alu_test_107,8bit_alu,50.0,10.0,93.75,0.0,0.375,P2,run_normal
6,6,11,6,6,PASS,96.09,8bit_alu_test_106,8bit_alu,50.0,10.0,93.75,0.0,0.375,P2,run_normal
5,8,100,13,13,PASS,96.09,8bit_alu_test_105,8bit_alu,50.0,10.0,93.75,0.0,0.375,P2,run_normal
3,0,100,3,3,PASS,96.09,8bit_alu_test_104,8bit_alu,50.0,10.0,93.75,0.0,0.375,P2,run_normal
6,10,100,12,12,PASS,96.09,8bit_alu_test_103,8bit_alu,50.0,10.0,93.75,0.0,0.375,P2,run_normal
12,1,11,13,13,PASS,96.09,8bit_alu_test_102,8bit_alu,50.0,10.0,93.75,0.0,0.375,P2,run_normal
10,9,11,11,11,PASS,96.09,8bit_alu_test_101,8bit_alu,50.0,10.0,93.75,0.0,0.375,P2,run_normal
14,0,1,14,14,PASS,96.09,8bit_alu_test_100,8bit_alu,50.0,10.0,93.75,0.0,0.375,P2,run_normal
10,14,11,14,14,PASS,96.09,8bit_alu_test_99,8bit_alu,50.0,10.0,93.75,0.0,0.375,P2,run_normal
14,12,110,7,7,PASS,96.09,8bit_alu_test_98,8bit_alu,50.0,10.0,93.75,0.0,0.375,P2,run_normal
0,9,11,9,9,PASS,96.09,8bit_alu_test_97,8bit_alu,50.0,10.0,93.75,0.0,0.375,P2,run_normal
3,9,1,-6,26,FAIL,96.09,8bit_alu_test_64,8bit_alu,50.0,10.0,89.84,0.0,0.375,P2,run_normal
4,13,100,9,9,PASS,96.09,8bit_alu_test_63,8bit_alu,50.0,10.0,89.84,0.0,0.375,P2,run_normal
6,0,0,6,6,PASS,96.09,8bit_alu_test_62,8bit_alu,50.0,10.0,89.84,0.0,0.375,P2,run_normal
0,3,110,0,0,PASS,96.09,8bit_alu_test_16,8bit_alu,50.0,10.0,58.59,0.0,0.375,P2,run_normal
9,13,10,9,9,PASS,96.09,8bit_alu_test_29,8bit_alu,50.0,10.0,77.34,0.0,0.375,P2,run_normal
4,5,100,1,1,PASS,96.09,8bit_alu_test_28,8bit_alu,50.0,10.0,77.34,0.0,0.375,P2,run_normal
5,8,0,13,13,PASS,96.09,8bit_alu_test_27,8bit_alu,50.0,10.0,77.34,0.0,0.375,P2,run_normal
3,1,110,1,1,PASS,96.09,8bit_alu_test_26,8bit_alu,50.0,10.0,75.78,0.0,0.375,P2,run_normal
12,6,110,6,6,PASS,96.09,8bit_alu_test_25,8bit_alu,50.0,10.0,75.0,0.0,0.375,P2,run_normal
2,7,101,4,4,PASS,96.09,8bit_alu_test_24,8bit_alu,50.0,10.0,75.0,0.0,0.375,P2,run_normal
10,3,100,9,9,PASS,96.09,8bit_alu_test_23,8bit_alu,50.0,10.0,72.66,0.0,0.375,P2,run_normal
6,0,0,6,6,PASS,96.09,8bit_alu_test_22,8bit_alu,50.0,10.0,71.88,0.0,0.375,P2,run_normal
13,13,10,13,13,PASS,96.09,8bit_alu_test_21,8bit_alu,50.0,10.0,69.53,0.0,0.375,P2,run_normal
1,15,0,16,16,PASS,96.09,8bit_alu_test_20,8bit_alu,50.0,10.0,68.75,0.0,0.375,P2,run_normal
9,3,110,4,4,PASS,96.09,8bit_alu_test_19,8bit_alu,50.0,10.0,67.19,0.0,0.375,P2,run_normal
11,5,0,16,16,PASS,96.09,8bit_alu_test_18,8bit_alu,50.0,10.0,63.28,0.0,0.375,P2,run_normal
5,3,110,2,2,PASS,96.09,8bit_alu_test_17,8bit_alu,50.0,10.0,59.38,0.0,0.375,P2,run_normal
12,3,101,24,24,PASS,96.09,8bit_alu_test_15,8bit_alu,50.0,10.0,57.03,0.0,0.375,P2,run_normal
10,4,11,14,14,PASS,96.09,8bit_alu_test_61,8bit_alu,50.0,10.0,89.06,0.0,0.375,P2,run_normal
5,6,10,4,4,PASS,96.09,8bit_alu_test_14,8bit_alu,50.0,10.0,55.47,0.0,0.375,P2,run_normal
13,7,10,5,5,PASS,96.09,8bit_alu_test_13,8bit_alu,50.0,10.0,53.12,0.0,0.375,P2,run_normal
11,11,10,11,11,PASS,96.09,8bit_alu_test_12,8bit_alu,50.0,10.0,52.34,0.0,0.375,P2,run_normal
4,11,11,15,15,PASS,96.09,8bit_alu_test_11,8bit_alu,50.0,10.0,48.44,0.0,0.375,P2,run_normal
7,8,11,15,15,PASS,96.09,8bit_alu_test_10,8bit_alu,50.0,10.0,46.09,0.0,0.375,P2,run_normal
13,7,1,6,6,PASS,96.09,8bit_alu_test_9,8bit_alu,50.0,10.0,43.75,0.0,0.375,P2,run_normal
9,10,100,3,3,PASS,96.09,8bit_alu_test_8,8bit_alu,50.0,10.0,40.62,0.0,0.375,P2,run_normal
12,2,110,6,6,PASS,96.09,8bit_alu_test_7,8bit_alu,50.0,10.0,39.06,0.0,0.375,P2,run_normal
15,10,101,30,30,PASS,96.09,8bit_alu_test_6,8bit_alu,50.0,10.0,34.38,0.0,0.375,P2,run_normal
7,6,1,1,1,PASS,96.09,8bit_alu_test_5,8bit_alu,50.0,10.0,28.12,0.0,0.375,P2,run_normal
5,10,110,2,2,PASS,96.09,8bit_alu_test_4,8bit_alu,50.0,10.0,24.22,0.0,0.375,P2,run_normal
6,13,11,15,15,PASS,96.09,8bit_alu_test_3,8bit_alu,50.0,10.0,20.31,0.0,0.375,P2,run_normal
7,13,101,14,14,PASS,96.09,8bit_alu_test_2,8bit_alu,50.0,10.0,13.28,0.0,0.375,P2,run_normal
14,11,1,3,3,PASS,96.09,8bit_alu_test_30,8bit_alu,50.0,10.0,80.47,0.0,0.375,P2,run_normal
0,6,11,6,6,PASS,96.09,8bit_alu_test_31,8bit_alu,50.0,10.0,80.47,0.0,0.375,P2,run_normal
4,2,100,6,6,PASS,96.09,8bit_alu_test_32,8bit_alu,50.0,10.0,80.47,0.0,0.375,P2,run_normal
8,13,110,4,4,PASS,96.09,8bit_alu_test_33,8bit_alu,50.0,10.0,82.03,0.0,0.375,P2,run_normal
8,8,101,16,16,PASS,96.09,8bit_alu_test_60,8bit_alu,50.0,10.0,89.06,0.0,0.375,P2,run_normal
10,1,1,9,9,PASS,96.09,8bit_alu_test_59,8bit_alu,50.0,10.0,89.06,0.0,0.375,P2,run_normal
6,6,11,6,6,PASS,96.09,8bit_alu_test_58,8bit_alu,50.0,10.0,89.06,0.0,0.375,P2,run_normal
7,12,100,11,11,PASS,96.09,8bit_alu_test_57,8bit_alu,50.0,10.0,89.06,0.0,0.375,P2,run_normal
6,11,101,12,12,PASS,96.09,8bit_alu_test_56,8bit_alu,50.0,10.0,89.06,0.0,0.375,P2,run_normal
14,14,100,0,0,PASS,96.09,8bit_alu_test_55,8bit_alu,50.0,10.0,89.06,0.0,0.375,P2,run_normal
8,14,11,14,14,PASS,96.09,8bit_alu_test_54,8bit_alu,50.0,10.0,89.06,0.0,0.375,P2,run_normal
6,15,0,21,21,PASS,96.09,8bit_alu_test_53,8bit_alu,50.0,10.0,89.06,0.0,0.375,P2,run_normal
7,8,1,-1,31,FAIL,96.09,8bit_alu_test_52,8bit_alu,50.0,10.0,89.06,0.0,0.375,P2,run_normal
7,15,100,8,8,PASS,96.09,8bit_alu_test_51,8bit_alu,50.0,10.0,89.06,0.0,0.375,P2,run_normal
15,11,0,26,26,PASS,96.09,8bit_alu_test_50,8bit_alu,50.0,10.0,87.5,0.0,0.375,P2,run_normal
8,9,100,1,1,PASS,96.09,8bit_alu_test_49,8bit_alu,50.0,10.0,87.5,0.0,0.375,P2,run_normal
6,9,0,15,15,PASS,96.09,8bit_alu_test_48,8bit_alu,50.0,10.0,87.5,0.0,0.375,P2,run_normal
0,5,11,5,5,PASS,96.09,8bit_alu_test_47,8bit_alu,50.0,10.0,86.72,0.0,0.375,P2,run_normal
13,0,100,13,13,PASS,96.09,8bit_alu_test_46,8bit_alu,50.0,10.0,86.72,0.0,0.375,P2,run_normal
12,15,100,3,3,PASS,96.09,8bit_alu_test_45,8bit_alu,50.0,10.0,86.72,0.0,0.375,P2,run_normal
11,1,0,12,12,PASS,96.09,8bit_alu_test_44,8bit_alu,50.0,10.0,86.72,0.0,0.375,P2,run_normal
8,14,0,22,22,PASS,96.09,8bit_alu_test_43,8bit_alu,50.0,10.0,86.72,0.0,0.375,P2,run_normal
7,0,10,0,0,PASS,96.09,8bit_alu_test_42,8bit_alu,50.0,10.0,86.72,0.0,0.375,P2,run_normal
6,3,101,12,12,PASS,96.09,8bit_alu_test_41,8bit_alu,50.0,10.0,86.72,0.0,0.375,P2,run_normal
13,14,11,15,15,PASS,96.09,8bit_alu_test_40,8bit_alu,50.0,10.0,85.16,0.0,0.375,P2,run_normal
11,12,10,8,8,PASS,96.09,8bit_alu_test_39,8bit_alu,50.0,10.0,84.38,0.0,0.375,P2,run_normal
4,8,11,12,12,PASS,96.09,8bit_alu_test_38,8bit_alu,50.0,10.0,83.59,0.0,0.375,P2,run_normal
3,15,1,-12,20,FAIL,96.09,8bit_alu_test_37,8bit_alu,50.0,10.0,83.59,0.0,0.375,P2,run_normal
9,7,0,16,16,PASS,96.09,8bit_alu_test_36,8bit_alu,50.0,10.0,83.59,0.0,0.375,P2,run_normal
9,12,100,5,5,PASS,96.09,8bit_alu_test_35,8bit_alu,50.0,10.0,82.81,0.0,0.375,P2,run_normal
15,10,101,30,30,PASS,96.09,8bit_alu_test_34,8bit_alu,50.0,10.0,82.81,0.0,0.375,P2,run_normal
3,6,110,1,1,PASS,96.09,8bit_alu_test_125,8bit_alu,50.0,10.0,93.75,0.0,0.375,P2,run_normal
4,13,10,4,4,PASS,96.09,8bit_alu_test_127,8bit_alu,50.0,10.0,94.53,0.0,0.375,P2,run_normal
8,5,100,13,13,PASS,96.09,8bit_alu_test_252,8bit_alu,50.0,10.0,95.31,0.0,0.375,P2,run_normal
15,3,110,7,7,PASS,96.09,8bit_alu_test_206,8bit_alu,50.0,10.0,95.31,0.0,0.375,P2,run_normal
6,12,0,18,18,PASS,96.09,8bit_alu_test_219,8bit_alu,50.0,10.0,95.31,0.0,0.375,P2,run_normal
11,15,100,4,4,PASS,96.09,8bit_alu_test_218,8bit_alu,50.0,10.0,95.31,0.0,0.375,P2,run_normal
4,10,110,2,2,PASS,96.09,8bit_alu_test_217,8bit_alu,50.0,10.0,95.31,0.0,0.375,P2,run_normal
4,1,11,5,5,PASS,96.09,8bit_alu_test_216,8bit_alu,50.0,10.0,95.31,0.0,0.375,P2,run_normal
1,12,0,13,13,PASS,96.09,8bit_alu_test_215,8bit_alu,50.0,10.0,95.31,0.0,0.375,P2,run_normal
11,7,101,22,22,PASS,96.09,8bit_alu_test_214,8bit_alu,50.0,10.0,95.31,0.0,0.375,P2,run_normal
4,0,0,4,4,PASS,96.09,8bit_alu_test_213,8bit_alu,50.0,10.0,95.31,0.0,0.375,P2,run_normal
14,6,100,8,8,PASS,96.09,8bit_alu_test_212,8bit_alu,50.0,10.0,95.31,0.0,0.375,P2,run_normal
0,3,100,3,3,PASS,96.09,8bit_alu_test_211,8bit_alu,50.0,10.0,95.31,0.0,0.375,P2,run_normal
11,14,11,15,15,PASS,96.09,8bit_alu_test_210,8bit_alu,50.0,10.0,95.31,0.0,0.375,P2,run_normal
6,2,10,2,2,PASS,96.09,8bit_alu_test_209,8bit_alu,50.0,10.0,95.31,0.0,0.375,P2,run_normal
5,13,101,10,10,PASS,96.09,8bit_alu_test_208,8bit_alu,50.0,10.0,95.31,0.0,0.375,P2,run_normal
2,0,100,2,2,PASS,96.09,8bit_alu_test_207,8bit_alu,50.0,10.0,95.31,0.0,0.375,P2,run_normal
7,15,10,7,7,PASS,96.09,8bit_alu_test_205,8bit_alu,50.0,10.0,95.31,0.0,0.375,P2,run_normal
5,0,11,5,5,PASS,96.09,8bit_alu_test_221,8bit_alu,50.0,10.0,95.31,0.0,0.375,P2,run_normal
6,2,1,4,4,PASS,96.09,8bit_alu_test_204,8bit_alu,50.0,10.0,95.31,0.0,0.375,P2,run_normal
8,1,101,16,16,PASS,96.09,8bit_alu_test_203,8bit_alu,50.0,10.0,95.31,0.0,0.375,P2,run_normal
15,10,110,7,7,PASS,96.09,8bit_alu_test_202,8bit_alu,50.0,10.0,95.31,0.0,0.375,P2,run_normal
4,7,101,8,8,PASS,96.09,8bit_alu_test_201,8bit_alu,50.0,10.0,95.31,0.0,0.375,P2,run_normal
3,3,10,3,3,PASS,96.09,8bit_alu_test_200,8bit_alu,50.0,10.0,95.31,0.0,0.375,P2,run_normal
3,12,10,0,0,PASS,96.09,8bit_alu_test_199,8bit_alu,50.0,10.0,95.31,0.0,0.375,P2,run_normal
6,1,0,7,7,PASS,96.09,8bit_alu_test_198,8bit_alu,50.0,10.0,95.31,0.0,0.375,P2,run_normal
1,1,10,1,1,PASS,96.09,8bit_alu_test_197,8bit_alu,50.0,10.0,95.31,0.0,0.375,P2,run_normal
1,13,110,0,0,PASS,96.09,8bit_alu_test_196,8bit_alu,50.0,10.0,95.31,0.0,0.375,P2,run_normal
12,6,110,6,6,PASS,96.09,8bit_alu_test_195,8bit_alu,50.0,10.0,95.31,0.0,0.375,P2,run_normal
10,2,110,5,5,PASS,96.09,8bit_alu_test_194,8bit_alu,50.0,10.0,95.31,0.0,0.375,P2,run_normal
13,14,100,3,3,PASS,96.09,8bit_alu_test_193,8bit_alu,50.0,10.0,95.31,0.0,0.375,P2,run_normal
2,8,11,10,10,PASS,96.09,8bit_alu_test_192,8bit_alu,50.0,10.0,95.31,0.0,0.375,P2,run_normal
0,14,101,0,0,PASS,96.09,8bit_alu_test_220,8bit_alu,50.0,10.0,95.31,0.0,0.375,P2,run_normal
0,15,101,0,0,PASS,96.09,8bit_alu_test_222,8bit_alu,50.0,10.0,95.31,0.0,0.375,P2,run_normal
6,2,1,4,4,PASS,96.09,8bit_alu_test_128,8bit_alu,50.0,10.0,94.53,0.0,0.375,P2,run_normal
9,5,0,14,14,PASS,96.09,8bit_alu_test_238,8bit_alu,50.0,10.0,95.31,0.0,0.375,P2,run_normal
5,13,1,-8,24,FAIL,96.09,8bit_alu_test_251,8bit_alu,50.0,10.0,95.31,0.0,0.375,P2,run_normal
5,2,10,0,0,PASS,96.09,8bit_alu_test_250,8bit_alu,50.0,10.0,95.31,0.0,0.375,P2,run_normal
13,7,110,6,6,PASS,96.09,8bit_alu_test_249,8bit_alu,50.0,10.0,95.31,0.0,0.375,P2,run_normal
14,6,10,6,6,PASS,96.09,8bit_alu_test_248,8bit_alu,50.0,10.0,95.31,0.0,0.375,P2,run_normal
12,11,10,8,8,PASS,96.09,8bit_alu_test_247,8bit_alu,50.0,10.0,95.31,0.0,0.375,P2,run_normal
2,5,110,1,1,PASS,96.09,8bit_alu_test_246,8bit_alu,50.0,10.0,95.31,0.0,0.375,P2,run_normal
13,10,100,7,7,PASS,96.09,8bit_alu_test_245,8bit_alu,50.0,10.0,95.31,0.0,0.375,P2,run_normal
11,14,110,5,5,PASS,96.09,8bit_alu_test_244,8bit_alu,50.0,10.0,95.31,0.0,0.375,P2,run_normal
4,4,1,0,0,PASS,96.09,8bit_alu_test_243,8bit_alu,50.0,10.0,95.31,0.0,0.375,P2,run_normal
15,12,110,7,7,PASS,96.09,8bit_alu_test_242,8bit_alu,50.0,10.0,95.31,0.0,0.375,P2,run_normal
12,14,100,2,2,PASS,96.09,8bit_alu_test_241,8bit_alu,50.0,10.0,95.31,0.0,0.375,P2,run_normal
13,2,1,11,11,PASS,96.09,8bit_alu_test_240,8bit_alu,50.0,10.0,95.31,0.0,0.375,P2,run_normal
5,5,110,2,2,PASS,96.09,8bit_alu_test_239,8bit_alu,50.0,10.0,95.31,0.0,0.375,P2,run_normal
12,6,1,6,6,PASS,96.09,8bit_alu_test_237,8bit_alu,50.0,10.0,95.31,0.0,0.375,P2,run_normal
9,11,1,-2,30,FAIL,96.09,8bit_alu_test_223,8bit_alu,50.0,10.0,95.31,0.0,0.375,P2,run_normal
10,9,0,19,19,PASS,96.09,8bit_alu_test_236,8bit_alu,50.0,10.0,95.31,0.0,0.375,P2,run_normal
7,5,100,2,2,PASS,96.09,8bit_alu_test_235,8bit_alu,50.0,10.0,95.31,0.0,0.375,P2,run_normal
13,4,0,17,17,PASS,96.09,8bit_alu_test_234,8bit_alu,50.0,10.0,95.31,0.0,0.375,P2,run_normal
0,5,101,0,0,PASS,96.09,8bit_alu_test_233,8bit_alu,50.0,10.0,95.31,0.0,0.375,P2,run_normal
1,5,101,2,2,PASS,96.09,8bit_alu_test_232,8bit_alu,50.0,10.0,95.31,0.0,0.375,P2,run_normal
1,9,110,0,0,PASS,96.09,8bit_alu_test_231,8bit_alu,50.0,10.0,95.31,0.0,0.375,P2,run_normal
2,15,100,13,13,PASS,96.09,8bit_alu_test_230,8bit_alu,50.0,10.0,95.31,0.0,0.375,P2,run_normal
11,15,11,15,15,PASS,96.09,8bit_alu_test_229,8bit_alu,50.0,10.0,95.31,0.0,0.375,P2,run_normal
8,11,110,4,4,PASS,96.09,8bit_alu_test_228,8bit_alu,50.0,10.0,95.31,0.0,0.375,P2,run_normal
8,10,100,2,2,PASS,96.09,8bit_alu_test_227,8bit_alu,50.0,10.0,95.31,0.0,0.375,P2,run_normal
3,8,0,11,11,PASS,96.09,8bit_alu_test_226,8bit_alu,50.0,10.0,95.31,0.0,0.375,P2,run_normal
8,1,0,9,9,PASS,96.09,8bit_alu_test_225,8bit_alu,50.0,10.0,95.31,0.0,0.375,P2,run_normal
4,15,11,15,15,PASS,96.09,8bit_alu_test_224,8bit_alu,50.0,10.0,95.31,0.0,0.375,P2,run_normal
7,4,101,14,14,PASS,96.09,8bit_alu_test_191,8bit_alu,50.0,10.0,95.31,0.0,0.375,P2,run_normal
13,14,110,6,6,PASS,96.09,8bit_alu_test_190,8bit_alu,50.0,10.0,95.31,0.0,0.375,P2,run_normal
6,12,1,-6,26,FAIL,96.09,8bit_alu_test_189,8bit_alu,50.0,10.0,95.31,0.0,0.375,P2,run_normal
5,11,0,16,16,PASS,96.09,8bit_alu_test_143,8bit_alu,50.0,10.0,94.53,0.0,0.375,P2,run_normal
14,2,1,12,12,PASS,96.09,8bit_alu_test_156,8bit_alu,50.0,10.0,95.31,0.0,0.375,P2,run_normal
14,9,101,28,28,PASS,96.09,8bit_alu_test_155,8bit_alu,50.0,10.0,95.31,0.0,0.375,P2,run_normal
1,5,101,2,2,PASS,96.09,8bit_alu_test_154,8bit_alu,50.0,10.0,95.31,0.0,0.375,P2,run_normal
7,4,101,14,14,PASS,96.09,8bit_alu_test_153,8bit_alu,50.0,10.0,95.31,0.0,0.375,P2,run_normal
11,1,0,12,12,PASS,96.09,8bit_alu_test_152,8bit_alu,50.0,10.0,95.31,0.0,0.375,P2,run_normal
13,14,110,6,6,PASS,96.09,8bit_alu_test_151,8bit_alu,50.0,10.0,95.31,0.0,0.375,P2,run_normal
3,11,110,1,1,PASS,96.09,8bit_alu_test_150,8bit_alu,50.0,10.0,95.31,0.0,0.375,P2,run_normal
8,1,0,9,9,PASS,96.09,8bit_alu_test_149,8bit_alu,50.0,10.0,95.31,0.0,0.375,P2,run_normal
8,9,110,4,4,PASS,96.09,8bit_alu_test_148,8bit_alu,50.0,10.0,95.31,0.0,0.375,P2,run_normal
9,2,1,7,7,PASS,96.09,8bit_alu_test_147,8bit_alu,50.0,10.0,95.31,0.0,0.375,P2,run_normal
14,6,110,7,7,PASS,96.09,8bit_alu_test_146,8bit_alu,50.0,10.0,95.31,0.0,0.375,P2,run_normal
0,8,110,0,0,PASS,96.09,8bit_alu_test_145,8bit_alu,50.0,10.0,95.31,0.0,0.375,P2,run_normal
14,7,110,7,7,PASS,96.09,8bit_alu_test_144,8bit_alu,50.0,10.0,94.53,0.0,0.375,P2,run_normal
13,13,10,13,13,PASS,96.09,8bit_alu_test_142,8bit_alu,50.0,10.0,94.53,0.0,0.375,P2,run_normal
6,12,1,-6,26,FAIL,96.09,8bit_alu_test_188,8bit_alu,50.0,10.0,95.31,0.0,0.375,P2,run_normal
8,8,100,0,0,PASS,96.09,8bit_alu_test_141,8bit_alu,50.0,10.0,94.53,0.0,0.375,P2,run_normal
1,13,100,12,12,PASS,96.09,8bit_alu_test_140,8bit_alu,50.0,10.0,94.53,0.0,0.375,P2,run_normal
2,7,1,-5,27,FAIL,96.88,8bit_alu_test_139,8bit_alu,50.0,10.0,94.53,0.0,0.375,P2,run_normal
4,13,1,-9,23,FAIL,96.88,8bit_alu_test_138,8bit_alu,50.0,10.0,94.53,0.0,0.375,P2,run_normal
9,0,0,9,9,PASS,96.88,8bit_alu_test_137,8bit_alu,50.0,10.0,94.53,0.0,0.375,P2,run_normal
6,7,11,7,7,PASS,96.88,8bit_alu_test_136,8bit_alu,50.0,10.0,94.53,0.0,0.375,P2,run_normal
9,0,1,9,9,PASS,96.88,8bit_alu_test_135,8bit_alu,50.0,10.0,94.53,0.0,0.375,P2,run_normal
13,14,100,3,3,PASS,96.88,8bit_alu_test_134,8bit_alu,50.0,10.0,94.53,0.0,0.375,P2,run_normal
15,3,10,3,3,PASS,96.88,8bit_alu_test_133,8bit_alu,50.0,10.0,94.53,0.0,0.375,P2,run_normal
8,1,1,7,7,PASS,96.88,8bit_alu_test_132,8bit_alu,50.0,10.0,94.53,0.0,0.375,P2,run_normal
8,11,100,3,3,PASS,96.88,8bit_alu_test_131,8bit_alu,50.0,10.0,94.53,0.0,0.375,P2,run_normal
12,0,101,24,24,PASS,96.88,8bit_alu_test_130,8bit_alu,50.0,10.0,94.53,0.0,0.375,P2,run_normal
0,12,11,12,12,PASS,96.88,8bit_alu_test_129,8bit_alu,50.0,10.0,94.53,0.0,0.375,P2,run_normal
5,6,0,11,11,PASS,96.88,8bit_alu_test_157,8bit_alu,50.0,10.0,95.31,0.0,0.375,P2,run_normal
13,11,101,26,26,PASS,96.88,8bit_alu_test_158,8bit_alu,50.0,10.0,95.31,0.0,0.375,P2,run_normal
6,9,101,12,12,PASS,96.88,8bit_alu_test_159,8bit_alu,50.0,10.0,95.31,0.0,0.375,P2,run_normal
10,10,10,10,10,PASS,96.88,8bit_alu_test_160,8bit_alu,50.0,10.0,95.31,0.0,0.375,P2,run_normal
13,12,100,1,1,PASS,96.88,8bit_alu_test_187,8bit_alu,50.0,10.0,95.31,0.0,0.375,P2,run_normal
13,11,1,2,2,PASS,96.88,8bit_alu_test_186,8bit_alu,50.0,10.0,95.31,0.0,0.375,P2,run_normal
2,12,11,14,14,PASS,96.88,8bit_alu_test_185,8bit_alu,50.0,10.0,95.31,0.0,0.375,P2,run_normal
7,2,1,5,5,PASS,96.88,8bit_alu_test_184,8bit_alu,50.0,10.0,95.31,0.0,0.375,P2,run_normal
5,0,110,2,2,PASS,96.88,8bit_alu_test_183,8bit_alu,50.0,10.0,95.31,0.0,0.375,P2,run_normal
15,9,0,24,24,PASS,96.88,8bit_alu_test_182,8bit_alu,50.0,10.0,95.31,0.0,0.375,P2,run_normal
9,7,11,15,15,PASS,96.88,8bit_alu_test_181,8bit_alu,50.0,10.0,95.31,0.0,0.375,P2,run_normal
8,9,110,4,4,PASS,96.88,8bit_alu_test_180,8bit_alu,50.0,10.0,95.31,0.0,0.375,P2,run_normal
14,12,0,26,26,PASS,96.88,8bit_alu_test_179,8bit_alu,50.0,10.0,95.31,0.0,0.375,P2,run_normal
10,6,110,5,5,PASS,96.88,8bit_alu_test_178,8bit_alu,50.0,10.0,95.31,0.0,0.375,P2,run_normal
10,6,100,12,12,PASS,96.88,8bit_alu_test_177,8bit_alu,50.0,10.0,95.31,0.0,0.375,P2,run_normal
9,11,10,9,9,PASS,96.88,8bit_alu_test_176,8bit_alu,50.0,10.0,95.31,0.0,0.375,P2,run_normal
7,9,10,1,1,PASS,96.88,8bit_alu_test_175,8bit_alu,50.0,10.0,95.31,0.0,0.375,P2,run_normal
3,9,0,12,12,PASS,96.88,8bit_alu_test_174,8bit_alu,50.0,10.0,95.31,0.0,0.375,P2,run_normal
7,10,101,14,14,PASS,96.88,8bit_alu_test_173,8bit_alu,50.0,10.0,95.31,0.0,0.375,P2,run_normal
11,13,100,6,6,PASS,96.88,8bit_alu_test_172,8bit_alu,50.0,10.0,95.31,0.0,0.375,P2,run_normal
9,1,0,10,10,PASS,96.88,8bit_alu_test_171,8bit_alu,50.0,10.0,95.31,0.0,0.375,P2,run_normal
2,15,1,-13,19,FAIL,96.88,8bit_alu_test_170,8bit_alu,50.0,10.0,95.31,0.0,0.375,P2,run_normal
12,7,0,19,19,PASS,96.88,8bit_alu_test_169,8bit_alu,50.0,10.0,95.31,0.0,0.375,P2,run_normal
14,6,0,20,20,PASS,96.88,8bit_alu_test_168,8bit_alu,50.0,10.0,95.31,0.0,0.375,P2,run_normal
8,6,11,14,14,PASS,96.88,8bit_alu_test_167,8bit_alu,50.0,10.0,95.31,0.0,0.375,P2,run_normal
13,14,1,-1,31,FAIL,96.88,8bit_alu_test_166,8bit_alu,50.0,10.0,95.31,0.0,0.375,P2,run_normal
4,12,110,2,2,PASS,96.88,8bit_alu_test_165,8bit_alu,50.0,10.0,95.31,0.0,0.375,P2,run_normal
11,13,0,24,24,PASS,96.88,8bit_alu_test_164,8bit_alu,50.0,10.0,95.31,0.0,0.375,P2,run_normal
9,9,10,9,9,PASS,96.88,8bit_alu_test_163,8bit_alu,50.0,10.0,95.31,0.0,0.375,P2,run_normal
14,8,1,6,6,PASS,96.88,8bit_alu_test_162,8bit_alu,50.0,10.0,95.31,0.0,0.375,P2,run_normal
13,11,0,24,24,PASS,96.88,8bit_alu_test_161,8bit_alu,50.0,10.0,95.31,0.0,0.375,P2,run_normal
10,1,100,11,11,PASS,96.88,8bit_alu_test_506,8bit_alu,50.0,10.0,96.88,0.0,0.375,P2,run_normal
3,8,110,1,1,PASS,96.88,,,,,,,,,
